patch_id,x,y,resistance,connectivity_score
1,10,5,0.2,0.8
2,20,15,0.8,0.19999999999999996
3,30,25,0.5,0.5
4,40,35,0.9,0.09999999999999998
5,50,45,0.3,0.7
